DROP TABLE IF EXISTS CLIENT;
 
CREATE TABLE CLIENT(
  CLIENT_ID INT PRIMARY KEY,
  CLIENT_NAME VARCHAR(250) NOT NULL,
  CLIENT_DESC VARCHAR(250) NOT NULL);

INSERT INTO CLIENT(CLIENT_ID , CLIENT_NAME ,CLIENT_DESC) VALUES
  (100, 'Zenith Capital', 'Zenith Capital is a pioneer Venture capitalists'),
  (200, 'Apex investements', 'Billionaire Tech Entrepreneur diversifying into the Equity markets'),
  (300, 'Insight Energy', 'Billionaire Oil Magnate with established investment portfolio');

DROP TABLE IF EXISTS INVESTOR;
 
CREATE TABLE INVESTOR(
  INVSTR_ID INT PRIMARY KEY,
  INVESTR_NAME VARCHAR(250) NOT NULL,
  CLIENT_ID INT NOT NULL,
  CONSTRAINT FK_INVSTR FOREIGN KEY(CLIENT_ID) REFERENCES CLIENT(CLIENT_ID));
  

INSERT INTO INVESTOR(INVSTR_ID , INVESTR_NAME ,CLIENT_ID) VALUES
  (1001, 'GLOBAL GOLD', 100),
  (2001, 'SAPHIRE INC.',100),
  (3001, 'PROSPERITY INC.', 200),
  (4001, 'VENUS CAPITAL', 200),
  (5001, 'ACE INC.', 200),
  (6001, 'CORE PROPERTIES', 300), 
  (7001, 'INFINITY WEALTH MGMT GROUP', 300);

DROP TABLE IF EXISTS FUND;
 
CREATE TABLE FUND(
  FUND_ID INT PRIMARY KEY,
  FUND_NAME VARCHAR(250) NOT NULL,
  INVSTR_ID INT NOT NULL,
  CONSTRAINT FK_FUND FOREIGN KEY(INVSTR_ID) REFERENCES INVESTOR(INVSTR_ID)
);

INSERT INTO FUND(FUND_ID , FUND_NAME ,INVSTR_ID) VALUES
  (1101, 'PLATINUM BONDS', 1001),
  (2201, 'SAPPHIRE ',1001),
  (3301, 'GOLD EQUITY', 2001),
  (4401, 'SILVER FUNDS', 2001),
  (5501, 'CRYSTAL FUNDS', 2001),
  (6601, 'PEARL EQUITY', 3001),
  (7701, 'DIAMOND ', 3001),
  (7101, 'DIAMOND PREMIUM ', 4001),  
  (7201, 'DIAMOND INRODUCTORY', 4001),
  (6301, 'SAPPHIRE PREMIUM ', 5001),
  (6701, 'SAPPHIRE CLASSIC', 5001),
  (5201, 'PLATINUM INTO ', 6001),
  (4201, 'PLATIMUM CLASSIC', 7001),
  (5211, 'PLATINUM INTO ', 7001),
  (4221, 'PLATIMUM CLASSIC', 6001);